Jogador,Time,Posição,Preço (C$),Média (pts),Variação última (C$),Jogos
Ademir,BAH,Atacante,8.37,5.2,0.37,1
Cristian Olivera,BAH,Atacante,5.93,2.9,-0.07,1
Dell,BAH,Atacante,2.51,2.5,0.51,1
Erick Pulga,BAH,Atacante,9.37,3.4,-0.63,1
Kauê Furquim,BAH,Atacante,2.0,0.0,0.0,0
Kayky,BAH,Atacante,5.0,0.0,0.0,0
Ruan Pablo,BAH,Atacante,2.0,0.0,0.0,0
Sanabria,BAH,Atacante,6.0,0.0,0.0,0
Willian José,BAH,Atacante,13.15,9.5,1.15,1
João Paulo,BAH,Goleiro,6.0,0.0,0.0,0
Ronaldo,BAH,Goleiro,6.38,4.2,0.38,1
Victor Nascimento,BAH,Goleiro,1.0,0.0,0.0,0
Gilberto,BAH,Lateral,7.27,4.4,0.27,1
Iago,BAH,Lateral,4.0,0.0,0.0,0
Luciano Juba,BAH,Lateral,7.9,6.2,0.9,1
Román Gómez,BAH,Lateral,5.0,0.0,0.0,0
Zé Guilherme,BAH,Lateral,3.0,0.0,0.0,0
Acevedo,BAH,Meia,4.76,1.9,-0.24,1
Caio Alexandre,BAH,Meia,7.0,0.0,0.0,0
Cauly,BAH,Meia,6.0,0.0,0.0,0
Erick,BAH,Meia,5.73,0.0,-1.27,1
Everton Ribeiro,BAH,Meia,8.71,1.5,-1.29,1
Jean Lucas,BAH,Meia,9.5,6.1,0.5,1
Michel Araújo,BAH,Meia,3.82,-3.1,-2.18,1
Rezende,BAH,Meia,3.0,0.0,0.0,0
Rodrigo Nestor,BAH,Meia,5.73,0.0,-1.27,1
Rogério Ceni,BAH,Técnico,10.82,5.19,-0.18,1
David Duarte,BAH,Zagueiro,4.41,0.9,-0.59,1
Fredi Lippert,BAH,Zagueiro,2.0,0.0,0.0,0
Gabriel Xavier,BAH,Zagueiro,5.0,0.0,0.0,0
Kanu,BAH,Zagueiro,4.0,0.0,0.0,0
Santiago Mingo,BAH,Zagueiro,5.08,0.5,-0.92,1
Arthur Cabral,BOT,Atacante,9.04,7.1,1.04,1
Arthur Izaque,BOT,Atacante,1.0,0.0,0.0,0
Artur,BOT,Atacante,9.35,8.0,1.35,1
Chris Ramos,BOT,Atacante,7.0,0.0,0.0,0
Jeffinho,BOT,Atacante,5.0,0.0,0.0,0
Joaquín Correa,BOT,Atacante,8.0,0.0,0.0,0
Kadir,BOT,Atacante,5.0,0.0,0.0,0
Kauan Toledo,BOT,Atacante,1.0,0.0,0.0,0
Matheus Martins,BOT,Atacante,7.6,10.0,2.6,1
Nathan Fernandes,BOT,Atacante,6.02,5.5,1.02,1
Villalba,BOT,Atacante,6.0,0.0,0.0,0
Cristhian Loor,BOT,Goleiro,2.0,0.0,0.0,0
Léo Linck,BOT,Goleiro,6.0,0.0,0.0,0
Neto,BOT,Goleiro,10.12,10.2,2.12,1
Raul,BOT,Goleiro,3.0,0.0,0.0,0
Alex Telles,BOT,Lateral,12.62,8.0,0.62,1
Gabriel Abdias,BOT,Lateral,3.0,0.0,0.0,0
Kadu,BOT,Lateral,1.0,0.0,0.0,0
Marçal,BOT,Lateral,7.71,8.0,1.71,1
Mateo Ponte,BOT,Lateral,6.27,6.2,1.27,1
Vitinho,BOT,Lateral,10.06,7.7,1.06,1
Allan,BOT,Meia,5.89,2.8,-0.11,1
Arthur Novaes,BOT,Meia,1.0,0.0,0.0,0
Barrera,BOT,Meia,5.73,0.0,-1.27,1
Danilo,BOT,Meia,14.21,17.2,4.21,1
Montoro,BOT,Meia,9.4,5.8,0.4,1
Newton,BOT,Meia,4.79,2.0,-0.21,1
Santiago Rodríguez,BOT,Meia,8.54,5.7,0.54,1
Wallace Davi,BOT,Meia,4.0,0.0,0.0,0
Martín Anselmi,BOT,Técnico,8.78,11.04,2.78,1
Alexander Barboza,BOT,Zagueiro,11.17,6.2,0.17,1
Bastos,BOT,Zagueiro,6.0,0.0,0.0,0
David Ricardo,BOT,Zagueiro,7.0,0.0,0.0,0
Kaio,BOT,Zagueiro,7.0,0.0,0.0,0
Ythallo,BOT,Zagueiro,4.0,0.0,0.0,0
Cadu,CAM,Atacante,3.0,0.0,0.0,0
Cassierra,CAM,Atacante,10.0,0.0,0.0,0
Cuello,CAM,Atacante,6.36,1.8,-0.64,1
Dudu,CAM,Atacante,8.24,2.5,-0.76,1
Hulk,CAM,Atacante,14.95,5.3,-1.05,1
Júnior Santos,CAM,Atacante,5.0,0.0,0.0,0
Minda,CAM,Atacante,9.0,0.0,0.0,0
Everson,CAM,Goleiro,10.3,3.7,-0.7,1
Gabriel Delfim,CAM,Goleiro,2.0,0.0,0.0,0
Kauã Pascini,CAM,Lateral,1.0,0.0,0.0,0
Natanael,CAM,Lateral,7.0,0.0,0.0,0
Preciado,CAM,Lateral,8.0,0.0,0.0,0
Renan Lodi,CAM,Lateral,12.93,11.2,1.93,1
Alan Franco,CAM,Meia,5.69,-0.1,-1.31,1
Alexsander,CAM,Meia,7.14,1.7,-0.86,1
Bernard,CAM,Meia,4.7,-0.6,-1.3,1
Cissé,CAM,Meia,1.0,0.0,0.0,0
Gustavo Scarpa,CAM,Meia,8.36,0.5,-1.64,1
Igor Gomes,CAM,Meia,6.55,0.0,-1.45,1
Mateus Iseppe,CAM,Meia,2.0,0.0,0.0,0
Maycon,CAM,Meia,6.6,2.5,-0.4,1
Patrick,CAM,Meia,4.0,0.0,0.0,0
Reinier,CAM,Meia,3.87,1.7,-0.13,1
Victor Hugo,CAM,Meia,6.6,9.5,2.6,1
Índio,CAM,Meia,1.0,0.0,0.0,0
Jorge Sampaoli,CAM,Técnico,8.7,3.81,-0.3,1
Iván Román,CAM,Zagueiro,5.0,0.0,0.0,0
Junior Alonso,CAM,Zagueiro,6.14,3.5,0.14,1
Lyanco,CAM,Zagueiro,9.0,0.0,0.0,0
Ruan,CAM,Zagueiro,4.45,-1.3,-1.55,1
Vitor Hugo,CAM,Zagueiro,7.0,0.0,0.0,0
Vitão,CAM,Zagueiro,1.0,0.0,0.0,0
Isaac,CAP,Atacante,2.0,0.0,0.0,0
Julimar,CAP,Atacante,3.55,0.8,-0.45,1
Leozinho,CAP,Atacante,3.0,0.0,0.0,0
Luiz Fernando,CAP,Atacante,3.99,-0.3,-1.01,1
Mastriani,CAP,Atacante,4.0,0.0,0.0,0
Mendoza,CAP,Atacante,7.78,8.2,1.78,1
Renan Peixoto,CAP,Atacante,4.0,0.0,0.0,0
Renan Viana,CAP,Atacante,2.0,0.0,0.0,0
Viveros,CAP,Atacante,9.3,10.2,2.3,1
Carlos Eduardo,CAP,Goleiro,1.0,0.0,0.0,0
Matheus Soares,CAP,Goleiro,1.0,0.0,0.0,0
Mycael,CAP,Goleiro,5.0,0.0,0.0,0
Santos,CAP,Goleiro,10.58,11.5,2.58,1
Batata,CAP,Lateral,1.0,0.0,0.0,0
Benavídez,CAP,Lateral,6.5,9.2,2.5,1
Esquivel,CAP,Lateral,4.0,0.0,0.0,0
Gilberto,CAP,Lateral,2.0,0.0,0.0,0
Léo Derik,CAP,Lateral,5.14,10.0,3.14,1
Madson,CAP,Lateral,5.0,0.0,0.0,0
Alejandro García,CAP,Meia,4.0,0.0,0.0,0
Bruninho,CAP,Meia,3.0,0.0,0.0,0
Dudu,CAP,Meia,0.82,0.0,-0.18,1
Felipe Chiqueti,CAP,Meia,1.0,0.0,0.0,0
Felipinho,CAP,Meia,4.0,0.0,0.0,0
Jadson,CAP,Meia,5.08,0.5,-0.92,1
João Cruz,CAP,Meia,5.0,0.0,0.0,0
Luiz Gustavo,CAP,Meia,6.0,0.0,0.0,0
Portilla,CAP,Meia,3.6,-1.4,-1.4,1
Raul,CAP,Meia,4.0,0.0,0.0,0
Riquelme,CAP,Meia,0.71,-0.3,-0.29,1
Zapelli,CAP,Meia,5.79,2.5,-0.21,1
Élan Ricardo,CAP,Meia,3.0,0.0,0.0,0
Odair Hellmann,CAP,Técnico,6.93,8.09,1.93,1
Aguirre,CAP,Zagueiro,5.62,6.7,1.62,1
Arthur Dias,CAP,Zagueiro,5.26,8.0,2.26,1
Belezi,CAP,Zagueiro,3.0,0.0,0.0,0
Habraão,CAP,Zagueiro,3.0,0.0,0.0,0
Léo,CAP,Zagueiro,5.74,4.7,0.74,1
Marcão,CAP,Zagueiro,3.0,0.0,0.0,0
Terán,CAP,Zagueiro,5.97,7.7,1.97,1
Breno Lopes,CFC,Atacante,6.93,1.1,-1.07,1
Fabinho,CFC,Atacante,3.0,0.0,0.0,0
Keno,CFC,Atacante,6.0,0.0,0.0,0
Lavega,CFC,Atacante,2.98,1.5,-0.02,1
Lucas Ronier,CFC,Atacante,5.03,5.0,1.03,1
Pedro Rocha,CFC,Atacante,6.71,2.8,-0.29,1
Ruan Assis,CFC,Atacante,1.0,0.0,0.0,0
Thiago Azaf,CFC,Atacante,1.0,0.0,0.0,0
Benassi,CFC,Goleiro,1.0,0.0,0.0,0
Gabriel Leite,CFC,Goleiro,3.0,0.0,0.0,0
Pedro Morisco,CFC,Goleiro,9.01,11.7,3.01,1
Pedro Rangel,CFC,Goleiro,3.0,0.0,0.0,0
Bruno Melo,CFC,Lateral,4.01,2.1,0.01,1
Felipe Guimarães,CFC,Lateral,1.0,0.0,0.0,0
João Almeida,CFC,Lateral,1.0,0.0,0.0,0
Lucas Taverna,CFC,Lateral,1.0,0.0,0.0,0
Tinga,CFC,Lateral,5.84,5.0,0.84,1
Fernando Sobral,CFC,Meia,5.0,0.0,0.0,0
Gustavo,CFC,Meia,4.0,0.0,0.0,0
Jean Gabriel,CFC,Meia,2.0,0.0,0.0,0
Josué,CFC,Meia,4.56,-1.0,-1.44,1
Matheus Dias,CFC,Meia,1.0,0.0,0.0,0
Sebastián Gómez,CFC,Meia,3.97,2.0,-0.03,1
Vini Paulista,CFC,Meia,2.45,0.0,-0.55,1
Wallisson,CFC,Meia,3.93,4.2,0.93,1
Willian Oliveira,CFC,Meia,6.86,7.9,1.86,1
Fernando Seabra,CFC,Técnico,4.79,4.32,0.79,1
Jacy,CFC,Zagueiro,3.16,2.0,0.16,1
Maicon,CFC,Zagueiro,4.69,1.7,-0.31,1
Rodrigo Moledo,CFC,Zagueiro,3.0,0.0,0.0,0
Thiago Santos,CFC,Zagueiro,2.45,0.0,-0.55,1
Tiago Cóser,CFC,Zagueiro,2.16,1.5,0.16,1
Bolasie,CHA,Atacante,5.33,1.2,-0.67,1
João Bom,CHA,Atacante,2.0,0.0,0.0,0
Mailson,CHA,Atacante,2.0,0.0,0.0,0
Marcinho,CHA,Atacante,3.02,1.6,0.02,1
Neto Pessoa,CHA,Atacante,3.0,0.0,0.0,0
Palacios,CHA,Atacante,2.0,0.0,0.0,0
Perotti,CHA,Atacante,4.0,0.0,0.0,0
Rubens,CHA,Atacante,2.0,0.0,0.0,0
Ênio,CHA,Atacante,4.0,0.0,0.0,0
Ítalo,CHA,Atacante,2.65,2.9,0.65,1
Anderson,CHA,Goleiro,3.0,0.0,0.0,0
Léo Vieira,CHA,Goleiro,2.41,2.2,0.41,1
Rafael Santos,CHA,Goleiro,3.0,0.0,0.0,0
Bruno Pacheco,CHA,Lateral,6.0,0.0,0.0,0
Everton,CHA,Lateral,3.4,2.7,0.4,1
Gustavo Talles,CHA,Lateral,2.0,0.0,0.0,0
Mancha,CHA,Lateral,3.0,0.0,0.0,0
Marcos Vinícius,CHA,Lateral,2.0,-1.3,-1.0,1
Walter Clar,CHA,Lateral,6.6,9.5,2.6,1
Camilo,CHA,Meia,4.82,4.4,0.82,1
David,CHA,Meia,1.0,0.0,0.0,0
Giovanni Augusto,CHA,Meia,4.69,1.7,-0.31,1
Higor Meritão,CHA,Meia,7.97,13.4,3.97,1
Jean Carlos,CHA,Meia,7.83,13.0,3.83,1
João Vitor,CHA,Meia,3.0,0.0,0.0,0
Rafael Carvalheira,CHA,Meia,6.5,9.2,2.5,1
Robert,CHA,Meia,3.51,3.0,0.51,1
Gilmar Dal Pozzo,CHA,Técnico,5.24,7.95,2.24,1
Bressan,CHA,Zagueiro,3.0,0.0,0.0,0
Bruno Leonardo,CHA,Zagueiro,3.0,0.0,0.0,0
Eduardo Doma,CHA,Zagueiro,2.69,3.0,0.69,1
João Paulo,CHA,Zagueiro,4.91,7.0,1.91,1
Kauan,CHA,Zagueiro,1.0,0.0,0.0,0
Rafael Thyere,CHA,Zagueiro,4.0,0.0,0.0,0
Victor Caetano,CHA,Zagueiro,3.51,3.0,0.51,1
Gui Negão,COR,Atacante,4.09,0.0,-0.91,1
Kaio César,COR,Atacante,8.0,0.0,0.0,0
Kayke,COR,Atacante,4.0,0.0,0.0,0
Memphis Depay,COR,Atacante,15.21,3.7,-1.79,1
Pedro Raul,COR,Atacante,4.91,0.0,-1.09,1
Vitinho,COR,Atacante,5.51,1.7,-0.49,1
Yuri Alberto,COR,Atacante,15.79,0.7,-3.21,1
Felipe Longo,COR,Goleiro,2.0,0.0,0.0,0
Hugo Souza,COR,Goleiro,9.77,2.2,-1.23,1
Matheus Donelli,COR,Goleiro,3.0,0.0,0.0,0
Angileri,COR,Lateral,4.0,0.0,0.0,0
Hugo,COR,Lateral,4.0,0.0,0.0,0
Jacaré,COR,Lateral,2.0,0.0,0.0,0
Matheus Bidu,COR,Lateral,9.15,5.1,0.15,1
Matheuzinho,COR,Lateral,11.5,4.8,-0.5,1
Milans,COR,Lateral,6.0,0.0,0.0,0
André,COR,Meia,5.55,6.5,1.55,1
Bahia,COR,Meia,2.0,0.0,0.0,0
Breno Bidon,COR,Meia,13.34,14.7,3.34,1
Carrillo,COR,Meia,6.85,3.2,-0.15,1
Charles,COR,Meia,4.0,0.0,0.0,0
Dieguinho,COR,Meia,4.0,0.0,0.0,0
Garro,COR,Meia,13.32,10.0,1.32,1
José Martínez,COR,Meia,6.0,0.0,0.0,0
Matheus Pereira,COR,Meia,4.8,-0.3,-1.2,1
Raniele,COR,Meia,9.72,11.4,2.72,1
Ryan,COR,Meia,3.0,0.0,0.0,0
Dorival Júnior,COR,Técnico,11.31,6.6,0.31,1
André Ramalho,COR,Zagueiro,6.0,0.0,0.0,0
Cacá,COR,Zagueiro,5.0,0.0,0.0,0
Gabriel Paulista,COR,Zagueiro,8.08,-0.3,-1.92,1
Gustavo Henrique,COR,Zagueiro,11.41,9.2,1.41,1
João Pedro,COR,Zagueiro,5.0,0.0,0.0,0
Arroyo,CRU,Atacante,6.32,1.7,-0.68,1
Chico da Costa,CRU,Atacante,5.0,0.0,0.0,0
Fernando,CRU,Atacante,1.0,0.0,0.0,0
Kaio Jorge,CRU,Atacante,14.68,2.2,-2.32,1
Kaique Kenji,CRU,Atacante,2.28,-0.5,-0.72,1
Marquinhos,CRU,Atacante,4.0,0.0,0.0,0
Rayan Lelis,CRU,Atacante,2.0,0.0,0.0,0
Sinisterra,CRU,Atacante,6.0,0.0,0.0,0
Tevis,CRU,Atacante,2.0,0.0,0.0,0
Villarreal,CRU,Atacante,5.0,0.0,0.0,0
Wanderson,CRU,Atacante,5.22,0.9,-0.78,1
Cássio,CRU,Goleiro,9.69,-2.7,-3.31,1
Marcelo Eráclito,CRU,Goleiro,1.0,0.0,0.0,0
Matheus Cunha,CRU,Goleiro,3.0,0.0,0.0,0
Otávio,CRU,Goleiro,2.0,0.0,0.0,0
Fagner,CRU,Lateral,6.04,0.9,-0.96,1
Kaiki Bruno,CRU,Lateral,12.23,2.2,-1.77,1
Kauã Moraes,CRU,Lateral,3.0,0.0,0.0,0
Kauã Prates,CRU,Lateral,4.0,0.0,0.0,0
Nicolas Pontes,CRU,Lateral,1.0,0.0,0.0,0
William,CRU,Lateral,12.0,0.0,0.0,0
William Fernando,CRU,Lateral,1.0,0.0,0.0,0
Cauan Baptistella,CRU,Meia,2.0,0.0,0.0,0
Christian,CRU,Meia,7.78,1.2,-1.22,1
Gerson,CRU,Meia,11.13,1.4,-1.87,1
Japa,CRU,Meia,3.0,0.0,0.0,0
Lucas Romero,CRU,Meia,8.95,2.2,-1.05,1
Lucas Silva,CRU,Meia,7.43,0.2,-1.57,1
Matheus Henrique,CRU,Meia,7.07,1.5,-0.93,1
Matheus Pereira,CRU,Meia,17.66,3.7,-2.34,1
Murilo Rhikman,CRU,Meia,3.0,0.0,0.0,0
Rhuan Gabriel,CRU,Meia,1.0,0.0,0.0,0
Rodriguinho,CRU,Meia,3.0,0.0,0.0,0
Ryan Guilherme,CRU,Meia,2.0,0.0,0.0,0
Vitinho,CRU,Meia,2.0,0.0,0.0,0
Walace,CRU,Meia,4.0,0.0,0.0,0
Tite,CRU,Técnico,10.3,1.37,-1.7,1
Bruno Alves,CRU,Zagueiro,2.0,0.0,0.0,0
Fabrício Bruno,CRU,Zagueiro,9.99,0.5,-2.01,1
Janderson,CRU,Zagueiro,1.0,0.0,0.0,0
Jonathan Jesus,CRU,Zagueiro,4.91,0.0,-1.09,1
João Marcelo,CRU,Zagueiro,3.99,-0.3,-1.01,1
Kaiquy Luiz,CRU,Zagueiro,1.0,0.0,0.0,0
Villalba,CRU,Zagueiro,10.0,0.0,0.0,0
Bruno Henrique,FLA,Atacante,7.64,0.8,-1.36,1
Douglas Telles,FLA,Atacante,2.0,0.0,0.0,0
Everton,FLA,Atacante,8.49,3.2,-0.51,1
Luiz Araújo,FLA,Atacante,10.0,0.0,0.0,0
Pedro,FLA,Atacante,18.61,6.4,-1.39,1
Plata,FLA,Atacante,9.44,10.6,2.44,1
Samuel Lino,FLA,Atacante,9.64,6.5,0.64,1
Wallace Yan,FLA,Atacante,5.0,0.0,0.0,0
Andrew,FLA,Goleiro,3.0,0.0,0.0,0
Dyogo Alves,FLA,Goleiro,3.0,0.0,0.0,0
Léo Nannetti,FLA,Goleiro,2.0,0.0,0.0,0
Rossi,FLA,Goleiro,7.57,0.6,-1.43,1
Alex Sandro,FLA,Lateral,10.17,1.0,-1.83,1
Ayrton Lucas,FLA,Lateral,8.0,0.0,0.0,0
Daniel Sales,FLA,Lateral,2.0,0.0,0.0,0
Emerson Royal,FLA,Lateral,5.0,0.0,0.0,0
Varela,FLA,Lateral,8.08,6.7,1.08,1
Allan,FLA,Meia,5.0,0.0,0.0,0
Arrascaeta,FLA,Meia,19.1,0.8,-3.9,1
Carrascal,FLA,Meia,11.76,3.2,-1.24,1
De la Cruz,FLA,Meia,8.0,0.0,0.0,0
Erick Pulgar,FLA,Meia,9.41,3.5,-0.59,1
Evertton Araújo,FLA,Meia,4.01,2.1,0.01,1
Guilherme Gomes,FLA,Meia,3.0,0.0,0.0,0
Jorginho,FLA,Meia,11.64,-1.8,-3.36,1
Joshua,FLA,Meia,3.0,0.0,0.0,0
Lucas Paquetá,FLA,Meia,18.0,0.0,0.0,0
Pablo Lúcio,FLA,Meia,2.0,0.0,0.0,0
Saúl,FLA,Meia,7.0,0.0,0.0,0
Filipe Luís,FLA,Técnico,11.2,3.95,-0.8,1
Da Mata,FLA,Zagueiro,2.0,0.0,0.0,0
Danilo,FLA,Zagueiro,8.0,0.0,0.0,0
Iago,FLA,Zagueiro,2.0,0.0,0.0,0
João Victor,FLA,Zagueiro,2.0,0.0,0.0,0
Léo Ortiz,FLA,Zagueiro,9.71,-0.3,-2.29,1
Léo Pereira,FLA,Zagueiro,10.67,0.1,-2.33,1
Vitão,FLA,Zagueiro,9.0,0.0,0.0,0
Cano,FLU,Atacante,6.0,0.0,0.0,0
Canobbio,FLU,Atacante,8.54,5.7,0.54,1
Everaldo,FLU,Atacante,4.41,0.9,-0.59,1
John Kennedy,FLU,Atacante,5.47,1.6,-0.53,1
Lelê,FLU,Atacante,3.0,0.0,0.0,0
Riquelme Felipe,FLU,Atacante,4.0,0.0,0.0,0
Santi Moreno,FLU,Atacante,3.17,-0.3,-0.83,1
Serna,FLU,Atacante,7.54,0.5,-1.46,1
Soteldo,FLU,Atacante,6.0,0.0,0.0,0
Fábio,FLU,Goleiro,10.55,2.1,-1.45,1
Marcelo Pitaluga,FLU,Goleiro,3.0,0.0,0.0,0
Vitor Eudes,FLU,Goleiro,2.0,0.0,0.0,0
Gabriel Fuentes,FLU,Lateral,4.0,0.0,0.0,0
Guga,FLU,Lateral,6.0,0.0,0.0,0
Guilherme Arana,FLU,Lateral,10.0,0.0,0.0,0
Julio Fidélis,FLU,Lateral,2.0,0.0,0.0,0
Renê,FLU,Lateral,7.5,7.4,1.5,1
Samuel Xavier,FLU,Lateral,8.66,3.7,-0.34,1
Bernal,FLU,Meia,3.99,-0.3,-1.01,1
Ganso,FLU,Meia,5.62,-0.3,-1.38,1
Hércules,FLU,Meia,7.0,0.0,0.0,0
Lezcano,FLU,Meia,4.0,0.0,0.0,0
Lima,FLU,Meia,6.0,0.0,0.0,0
Lucho Acosta,FLU,Meia,11.38,13.8,3.38,1
Martinelli,FLU,Meia,7.96,1.7,-1.04,1
Nonato,FLU,Meia,7.15,6.4,1.15,1
Otávio,FLU,Meia,4.0,0.0,0.0,0
Savarino,FLU,Meia,8.36,0.5,-1.64,1
Luis Zubeldía,FLU,Técnico,9.31,5.55,0.31,1
Freytes,FLU,Zagueiro,4.51,1.2,-0.49,1
Ignácio,FLU,Zagueiro,6.0,0.0,0.0,0
Igor Rabello,FLU,Zagueiro,5.0,0.0,0.0,0
Jemmes,FLU,Zagueiro,6.84,5.5,0.84,1
Luan Freitas,FLU,Zagueiro,3.0,0.0,0.0,0
Amuzu,GRE,Atacante,5.51,1.7,-0.49,1
André,GRE,Atacante,2.92,-1.0,-1.08,1
Aravena,GRE,Atacante,4.0,0.0,0.0,0
Braithwaite,GRE,Atacante,13.0,0.0,0.0,0
Carlos Vinícius,GRE,Atacante,18.12,12.0,1.12,1
Enamorado,GRE,Atacante,7.78,1.2,-1.22,1
Pavón,GRE,Atacante,5.93,2.9,-0.07,1
Tetê,GRE,Atacante,10.98,3.3,-1.02,1
Gabriel Grando,GRE,Goleiro,4.0,0.0,0.0,0
Thiago Beltrame,GRE,Goleiro,2.0,0.0,0.0,0
Weverton,GRE,Goleiro,8.49,3.2,-0.51,1
Caio Paulista,GRE,Lateral,5.0,0.0,0.0,0
João Pedro,GRE,Lateral,4.23,0.4,-0.77,1
Marcos Rocha,GRE,Lateral,7.36,0.0,-1.64,1
Marlon,GRE,Lateral,8.16,4.6,0.16,1
Arthur Melo,GRE,Meia,10.18,5.7,0.18,1
Cristaldo,GRE,Meia,6.0,0.0,0.0,0
Cuéllar,GRE,Meia,5.0,0.0,0.0,0
Dodi,GRE,Meia,4.52,-1.1,-1.48,1
Edenílson,GRE,Meia,6.6,2.5,-0.4,1
Monsalve,GRE,Meia,5.0,0.0,0.0,0
Riquelme,GRE,Meia,4.0,0.0,0.0,0
Ronald,GRE,Meia,3.0,0.0,0.0,0
Tiaguinho,GRE,Meia,1.0,0.0,0.0,0
Villasanti,GRE,Meia,7.0,0.0,0.0,0
Willian,GRE,Meia,4.8,-0.3,-1.2,1
Luís Castro,GRE,Técnico,9.75,4.47,-0.25,1
Balbuena,GRE,Zagueiro,7.0,0.0,0.0,0
Gustavo Martins,GRE,Zagueiro,8.49,10.2,2.49,1
Kannemann,GRE,Zagueiro,5.0,0.0,0.0,0
Noriega,GRE,Zagueiro,5.0,0.0,0.0,0
Viery,GRE,Zagueiro,3.0,0.0,0.0,0
Wagner Leonardo,GRE,Zagueiro,6.28,3.9,0.28,1
Alerrandro,INT,Atacante,9.0,0.0,0.0,0
Borré,INT,Atacante,7.39,2.4,-0.61,1
Carbonero,INT,Atacante,7.54,0.5,-1.46,1
João Bezerra,INT,Atacante,1.0,0.0,0.0,0
João Victor,INT,Atacante,1.0,0.0,0.0,0
Raykkonen,INT,Atacante,2.63,0.5,-0.37,1
Vitinho,INT,Atacante,6.39,1.9,-0.61,1
Anthoni,INT,Goleiro,3.0,0.0,0.0,0
Rochet,INT,Goleiro,7.18,1.8,-0.82,1
Aguirre,INT,Lateral,5.04,2.7,0.04,1
Alan Benítez,INT,Lateral,4.0,0.0,0.0,0
Alisson,INT,Lateral,1.0,0.0,0.0,0
Bernabéi,INT,Lateral,9.35,1.0,-1.65,1
Alan Patrick,INT,Meia,7.6,3.0,-0.4,1
Alan Rodríguez,INT,Meia,6.0,0.0,0.0,0
Allex,INT,Meia,1.0,0.0,0.0,0
Bruno Gomes,INT,Meia,6.7,5.1,0.7,1
Bruno Henrique,INT,Meia,5.68,2.2,-0.32,1
Bruno Tabata,INT,Meia,4.27,0.5,-0.73,1
Gustavo Prado,INT,Meia,4.0,0.0,0.0,0
Paulinho,INT,Meia,4.16,0.2,-0.84,1
Richard,INT,Meia,4.0,0.0,0.0,0
Ronaldo,INT,Meia,2.52,0.2,-0.48,1
Thiago Maia,INT,Meia,6.0,0.0,0.0,0
Villagra,INT,Meia,6.55,0.0,-1.45,1
Paulo Pezzolano,INT,Técnico,5.7,2.26,-0.3,1
Clayton Sampaio,INT,Zagueiro,3.0,0.0,0.0,0
Félix Torres,INT,Zagueiro,3.24,-0.1,-0.76,1
Juninho,INT,Zagueiro,5.0,0.0,0.0,0
Mercado,INT,Zagueiro,5.0,0.0,0.0,0
Victor Gabriel,INT,Zagueiro,4.32,3.0,0.32,1
Alesson,MIR,Atacante,9.13,9.7,2.13,1
André Luis,MIR,Atacante,5.0,0.0,0.0,0
Carlos Eduardo,MIR,Atacante,5.0,0.0,0.0,0
Edson Carioca,MIR,Atacante,5.0,0.0,0.0,0
Everton Galdino,MIR,Atacante,3.45,0.5,-0.55,1
Galeano,MIR,Atacante,6.97,1.2,-1.03,1
Nathan Fogaça,MIR,Atacante,2.96,-0.9,-1.04,1
Negueba,MIR,Atacante,6.59,4.8,0.59,1
Renato Marques,MIR,Atacante,4.01,2.1,0.01,1
Rodrigo Rodrigues,MIR,Atacante,4.0,0.0,0.0,0
Alex Muralha,MIR,Goleiro,3.0,0.0,0.0,0
Thomazella,MIR,Goleiro,2.0,0.0,0.0,0
Walter,MIR,Goleiro,5.56,4.2,0.56,1
Daniel Borges,MIR,Lateral,4.0,0.0,0.0,0
Igor Cariús,MIR,Lateral,3.0,0.0,0.0,0
Igor Formiga,MIR,Lateral,6.31,4.0,0.31,1
Lucas Ramon,MIR,Lateral,7.0,0.0,0.0,0
Reinaldo,MIR,Lateral,14.19,0.8,-2.81,1
Aldo Filho,MIR,Meia,3.88,-0.6,-1.12,1
Denilson,MIR,Meia,5.0,0.0,0.0,0
Eduardo,MIR,Meia,7.36,7.0,1.36,1
Lucas Mugni,MIR,Meia,7.0,0.0,0.0,0
Neto Moura,MIR,Meia,4.27,0.5,-0.73,1
Shaylon,MIR,Meia,5.0,0.0,0.0,0
Yuri Lara,MIR,Meia,6.02,5.5,1.02,1
Rafael Guanaes,MIR,Técnico,6.59,4.8,0.59,1
João Victor,MIR,Zagueiro,5.44,1.5,-0.56,1
Lucas Oliveira,MIR,Zagueiro,4.0,0.0,0.0,0
Luiz Otávio,MIR,Zagueiro,3.8,1.5,-0.2,1
Rodrigues,MIR,Zagueiro,4.0,0.0,0.0,0
Willian Machado,MIR,Zagueiro,4.09,0.0,-0.91,1
Belé,PAL,Atacante,3.0,0.0,0.0,0
Bruno Rodrigues,PAL,Atacante,4.0,0.0,0.0,0
Flaco López,PAL,Atacante,18.74,16.1,2.74,1
Luighi,PAL,Atacante,3.27,0.0,-0.73,1
Paulinho,PAL,Atacante,15.0,0.0,0.0,0
Ramón Sosa,PAL,Atacante,6.32,1.7,-0.68,1
Riquelme Fillipi,PAL,Atacante,0.71,-0.3,-0.29,1
Vitor Roque,PAL,Atacante,19.85,7.6,-1.15,1
Carlos Miguel,PAL,Goleiro,7.12,-0.7,-1.88,1
Marcelo Lomba,PAL,Goleiro,4.0,0.0,0.0,0
Arthur,PAL,Lateral,0.71,-0.3,-0.29,1
Giay,PAL,Lateral,5.9,0.5,-1.1,1
Jefté,PAL,Lateral,4.0,0.0,0.0,0
Khellven,PAL,Lateral,5.8,0.2,-1.2,1
Piquerez,PAL,Lateral,10.04,5.3,0.04,1
Allan,PAL,Meia,13.76,1.9,-2.24,1
Andreas Pereira,PAL,Meia,14.62,6.7,-0.38,1
Emiliano Martínez,PAL,Meia,5.0,0.0,0.0,0
Felipe Anderson,PAL,Meia,9.0,0.0,0.0,0
Larson,PAL,Meia,3.0,0.0,0.0,0
Lucas Evangelista,PAL,Meia,7.0,0.0,0.0,0
Luis Pacheco,PAL,Meia,3.0,0.0,0.0,0
Marlon Freitas,PAL,Meia,7.85,1.4,-1.15,1
Maurício,PAL,Meia,6.27,-0.8,-1.73,1
Raphael Veiga,PAL,Meia,11.0,0.0,0.0,0
Abel Ferreira,PAL,Técnico,11.1,3.66,-0.9,1
Benedetti,PAL,Zagueiro,3.0,0.0,0.0,0
Bruno Fuchs,PAL,Zagueiro,8.0,0.0,0.0,0
Gustavo Gómez,PAL,Zagueiro,11.3,1.9,-1.7,1
Murilo,PAL,Zagueiro,5.41,-0.9,-1.59,1
Davi Gomes,RBB,Atacante,3.0,0.0,0.0,0
Eduardo Sasha,RBB,Atacante,7.09,3.9,0.09,1
Fernando,RBB,Atacante,3.0,0.0,0.0,0
Henry Mosquera,RBB,Atacante,4.29,2.9,0.29,1
Herrera,RBB,Atacante,5.0,0.0,0.0,0
Isidro Pitta,RBB,Atacante,7.0,0.0,0.0,0
Laquintana,RBB,Atacante,4.0,0.0,0.0,0
Lucas Barbosa,RBB,Atacante,7.95,4.0,-0.05,1
Vinicinho,RBB,Atacante,4.09,0.0,-0.91,1
Cleiton,RBB,Goleiro,8.39,7.6,1.39,1
Fabrício,RBB,Goleiro,2.0,0.0,0.0,0
Lucão,RBB,Goleiro,4.0,0.0,0.0,0
Tiago Volpi,RBB,Goleiro,8.0,0.0,0.0,0
Andrés Hurtado,RBB,Lateral,4.75,4.2,0.75,1
Cauê,RBB,Lateral,2.0,0.0,0.0,0
Juninho Capixaba,RBB,Lateral,13.04,16.2,4.04,1
Sant Anna,RBB,Lateral,5.45,6.2,1.45,1
Vanderlan,RBB,Lateral,5.0,0.0,0.0,0
Eric Ramires,RBB,Meia,5.0,0.0,0.0,0
Fabinho,RBB,Meia,4.0,0.0,0.0,0
Gabriel,RBB,Meia,5.15,0.7,-0.85,1
Gustavinho,RBB,Meia,5.9,7.5,1.9,1
Ignacio Sosa,RBB,Meia,5.05,0.4,-0.95,1
Marcelinho,RBB,Meia,3.03,6.3,2.03,1
Matheus Fernandes,RBB,Meia,4.2,0.3,-0.8,1
Nathan Camargo,RBB,Meia,2.0,0.0,0.0,0
Praxedes,RBB,Meia,4.0,0.0,0.0,0
Rodriguinho,RBB,Meia,4.0,0.0,0.0,0
Vagner Mancini,RBB,Técnico,6.92,8.07,1.92,1
Alix Vinicius,RBB,Zagueiro,6.1,3.4,0.1,1
Eduardo Santos,RBB,Zagueiro,5.0,0.0,0.0,0
Gustavo Henrique,RBB,Zagueiro,3.0,0.0,0.0,0
Gustavo Marques,RBB,Zagueiro,5.86,9.7,2.86,1
Guzmán Rodríguez,RBB,Zagueiro,6.0,0.0,0.0,0
Lucas Cunha,RBB,Zagueiro,3.0,0.0,0.0,0
Palacios,RBB,Zagueiro,3.0,0.0,0.0,0
Pedro Henrique,RBB,Zagueiro,7.31,4.5,0.31,1
Alef Manga,REM,Atacante,4.41,0.9,-0.59,1
Carlinhos,REM,Atacante,4.0,0.0,0.0,0
Eduardo Melo,REM,Atacante,2.13,1.4,0.13,1
João Pedro,REM,Atacante,2.1,-1.0,-0.9,1
Marrony,REM,Atacante,4.0,0.0,0.0,0
Nicolás Ferreira,REM,Atacante,3.0,0.0,0.0,0
Rafael Monti,REM,Atacante,4.0,0.0,0.0,0
Ivan,REM,Goleiro,4.0,0.0,0.0,0
João Victor,REM,Goleiro,1.0,0.0,0.0,0
Marcelo Rangel,REM,Goleiro,4.39,3.2,0.39,1
Marcos Alexandre,REM,Goleiro,1.0,0.0,0.0,0
Ygor Vinhas,REM,Goleiro,3.0,0.0,0.0,0
Cufré,REM,Lateral,4.0,0.0,0.0,0
Jorge,REM,Lateral,4.0,0.0,0.0,0
João Lucas,REM,Lateral,4.86,2.2,-0.14,1
Marcelinho,REM,Lateral,2.45,0.0,-0.55,1
Sávio,REM,Lateral,4.0,0.0,0.0,0
Cantillo,REM,Meia,5.0,0.0,0.0,0
Catarozzi,REM,Meia,6.0,0.0,0.0,0
Diego Hernández,REM,Meia,4.0,0.0,0.0,0
Dodô,REM,Meia,2.17,-0.8,-0.83,1
Freitas,REM,Meia,1.0,0.0,0.0,0
Giovanni Pavani,REM,Meia,2.98,1.5,-0.02,1
José Welison,REM,Meia,4.0,0.0,0.0,0
Jáderson,REM,Meia,3.87,1.7,-0.13,1
PH Gama,REM,Meia,2.0,0.0,0.0,0
Panagiotis Tachtsidis,REM,Meia,3.0,0.0,0.0,0
Patrick,REM,Meia,4.55,1.3,-0.45,1
Patrick de Paula,REM,Meia,4.72,1.8,-0.28,1
Picco,REM,Meia,5.0,0.0,0.0,0
Vitor Bueno,REM,Meia,7.0,0.0,0.0,0
Yago Ferreira,REM,Meia,2.0,0.0,0.0,0
Yago Pikachu,REM,Meia,6.46,2.1,-0.54,1
Zé Ricardo,REM,Meia,2.49,0.1,-0.51,1
Juan Carlos Osorio,REM,Técnico,5.6,1.97,-0.4,1
Cristian Tassano,REM,Zagueiro,3.0,0.0,0.0,0
Kayky Almeida,REM,Zagueiro,1.85,0.6,-0.15,1
Klaus,REM,Zagueiro,4.0,0.0,0.0,0
Léo Andrade,REM,Zagueiro,4.39,3.2,0.39,1
Marllon,REM,Zagueiro,5.32,3.5,0.32,1
Thalisson Gabriel,REM,Zagueiro,3.0,0.0,0.0,0
Caballero,SAN,Atacante,3.83,1.6,-0.17,1
Fernando Pradella,SAN,Atacante,0.82,0.0,-0.18,1
Gabriel,SAN,Atacante,9.0,0.0,0.0,0
Lautaro Díaz,SAN,Atacante,6.94,5.8,0.94,1
Mateus Xavier,SAN,Atacante,2.0,0.0,0.0,0
Robinho Jr.,SAN,Atacante,3.27,0.0,-0.73,1
Rony,SAN,Atacante,8.0,0.0,0.0,0
Tiquinho Soares,SAN,Atacante,7.0,0.0,0.0,0
Diógenes,SAN,Goleiro,2.0,0.0,0.0,0
Gabriel Brazão,SAN,Goleiro,6.08,-6.0,-3.92,1
Escobar,SAN,Lateral,6.0,0.0,0.0,0
Igor Vinícius,SAN,Lateral,7.66,5.5,0.66,1
JP Chermont,SAN,Lateral,2.0,0.0,0.0,0
Mayke,SAN,Lateral,5.0,0.0,0.0,0
Souza,SAN,Lateral,8.0,0.0,0.0,0
Vinicius Lira,SAN,Lateral,3.68,3.5,0.68,1
Barreal,SAN,Meia,14.24,12.6,2.24,1
Gabriel Bontempo,SAN,Meia,4.09,0.0,-0.91,1
Gabriel Menino,SAN,Meia,10.77,16.7,4.77,1
Gustavo Henrique,SAN,Meia,2.0,0.0,0.0,0
João Schmidt,SAN,Meia,6.03,3.2,0.03,1
Miguelito,SAN,Meia,4.54,3.6,0.54,1
Neymar,SAN,Meia,19.0,0.0,0.0,0
Rincón,SAN,Meia,4.0,0.0,0.0,0
Rollheiser,SAN,Meia,8.24,2.5,-0.76,1
Thaciano,SAN,Meia,6.0,0.0,0.0,0
Willian Arão,SAN,Meia,7.0,0.0,0.0,0
Zé Rafael,SAN,Meia,8.5,7.9,1.5,1
Juan Vojvoda,SAN,Técnico,8.37,5.21,0.37,1
Adonis Frías,SAN,Zagueiro,6.0,0.0,0.0,0
Alexis Duarte,SAN,Zagueiro,3.64,-1.3,-1.36,1
João Basso,SAN,Zagueiro,4.0,0.0,0.0,0
Luan Peres,SAN,Zagueiro,5.51,1.7,-0.49,1
Zé Ivaldo,SAN,Zagueiro,6.0,0.0,0.0,0
André Silva,SAO,Atacante,8.0,0.0,0.0,0
Calleri,SAO,Atacante,11.59,0.4,-2.41,1
Ferreira,SAO,Atacante,8.0,0.0,0.0,0
Lucca,SAO,Atacante,3.0,0.0,0.0,0
Luciano,SAO,Atacante,20.09,15.3,2.09,1
Paulinho,SAO,Atacante,2.0,0.0,0.0,0
Ryan Francisco,SAO,Atacante,5.0,0.0,0.0,0
Tapia,SAO,Atacante,5.44,1.5,-0.56,1
Coronel,SAO,Goleiro,5.0,0.0,0.0,0
Rafael,SAO,Goleiro,8.84,4.2,-0.16,1
Young,SAO,Goleiro,3.0,0.0,0.0,0
Cédric Soares,SAO,Lateral,5.72,2.3,-0.28,1
Enzo Díaz,SAO,Lateral,9.77,9.2,1.77,1
Maik,SAO,Lateral,5.04,2.7,0.04,1
Wendell,SAO,Lateral,7.0,0.0,0.0,0
Alisson,SAO,Meia,6.0,0.0,0.0,0
Bobadilla,SAO,Meia,10.36,6.2,0.36,1
Danielzinho,SAO,Meia,8.39,7.6,1.39,1
Felipe Negrucci,SAO,Meia,2.0,0.0,0.0,0
Luan Vinícius,SAO,Meia,4.0,0.0,0.0,0
Lucas Moura,SAO,Meia,9.71,-0.3,-2.29,1
Marcos Antônio,SAO,Meia,9.18,7.5,1.18,1
Pablo Maia,SAO,Meia,5.73,0.0,-1.27,1
Pedro Ferreira,SAO,Meia,1.0,0.0,0.0,0
Hernán Crespo,SAO,Técnico,8.39,7.59,1.39,1
Alan Franco,SAO,Zagueiro,6.85,3.2,-0.15,1
Arboleda,SAO,Zagueiro,10.81,7.5,0.81,1
Dória,SAO,Zagueiro,7.0,0.0,0.0,0
Ferraresi,SAO,Zagueiro,8.0,0.0,0.0,0
Rafael Tolói,SAO,Zagueiro,5.0,0.0,0.0,0
Sabino,SAO,Zagueiro,5.91,5.2,0.91,1
Andrey Fernandes,VAS,Atacante,1.41,1.7,0.41,1
Andrés Gómez,VAS,Atacante,9.47,6.0,0.47,1
Brenner,VAS,Atacante,8.0,0.0,0.0,0
David,VAS,Atacante,5.0,0.0,0.0,0
GB,VAS,Atacante,3.27,0.0,-0.73,1
João Vitor,VAS,Atacante,0.82,0.0,-0.18,1
Marino Hinestroza,VAS,Atacante,9.0,0.0,0.0,0
Vegetti,VAS,Atacante,11.0,0.0,0.0,0
Daniel Fuzato,VAS,Goleiro,2.0,0.0,0.0,0
Léo Jardim,VAS,Goleiro,9.67,1.9,-1.33,1
Phillipe Gabriel,VAS,Goleiro,1.0,0.0,0.0,0
Lucas Piton,VAS,Lateral,7.26,-0.3,-1.74,1
Paulo Henrique,VAS,Lateral,10.0,0.0,0.0,0
Puma Rodríguez,VAS,Lateral,6.34,6.4,1.34,1
Victor Luis,VAS,Lateral,4.0,0.0,0.0,0
Adson,VAS,Meia,6.0,0.0,0.0,0
Barros,VAS,Meia,7.25,9.0,2.25,1
Garré,VAS,Meia,4.0,0.0,0.0,0
Guilherme Estrella,VAS,Meia,3.0,0.0,0.0,0
Hugo Moura,VAS,Meia,4.0,0.0,0.0,0
JP,VAS,Meia,1.0,0.0,0.0,0
Jair,VAS,Meia,6.0,0.0,0.0,0
Johan Rojas,VAS,Meia,5.51,1.7,-0.49,1
Mateus Carvalho,VAS,Meia,4.0,0.0,0.0,0
Matheus França,VAS,Meia,3.55,0.8,-0.45,1
Nuno Moreira,VAS,Meia,6.79,0.7,-1.21,1
Philippe Coutinho,VAS,Meia,13.61,10.8,1.61,1
Tchê Tchê,VAS,Meia,6.0,0.0,0.0,0
Thiago Mendes,VAS,Meia,7.31,4.5,0.31,1
Fernando Diniz,VAS,Técnico,7.95,4.0,-0.05,1
Carlos Cuesta,VAS,Zagueiro,6.98,-1.1,-2.02,1
Lucas Freitas,VAS,Zagueiro,4.0,0.0,0.0,0
Robert Renan,VAS,Zagueiro,7.21,1.9,-0.79,1
Saldivia,VAS,Zagueiro,6.0,0.0,0.0,0
Erick,VIT,Atacante,10.11,12.5,3.11,1
Fabri,VIT,Atacante,5.17,5.4,1.17,1
Kike Saverio,VIT,Atacante,5.0,0.0,0.0,0
Lawan,VIT,Atacante,1.0,0.0,0.0,0
Marinho,VIT,Atacante,6.0,0.0,0.0,0
Osvaldo,VIT,Atacante,4.37,0.8,-0.63,1
Pedro Henrique,VIT,Atacante,3.0,0.0,0.0,0
Renato Kayzer,VIT,Atacante,8.56,10.4,2.56,1
Renzo López,VIT,Atacante,3.0,0.0,0.0,0
Fintelman,VIT,Goleiro,2.0,0.0,0.0,0
Gabriel,VIT,Goleiro,7.29,6.8,1.29,1
Lucas Arcanjo,VIT,Goleiro,4.0,0.0,0.0,0
Thiago Couto,VIT,Goleiro,3.0,0.0,0.0,0
Yuri Sena,VIT,Goleiro,1.0,0.0,0.0,0
Claudinho,VIT,Lateral,4.0,0.0,0.0,0
Jamerson,VIT,Lateral,5.55,6.5,1.55,1
Luan Cândido,VIT,Lateral,5.0,0.0,0.0,0
Mateus Silva,VIT,Lateral,5.86,9.7,2.86,1
Nathan Mendes,VIT,Lateral,4.0,0.0,0.0,0
Paulo Roberto,VIT,Lateral,3.0,0.0,0.0,0
Ramon,VIT,Lateral,5.74,4.7,0.74,1
Baralhas,VIT,Meia,8.73,10.9,2.73,1
Cantalapiedra,VIT,Meia,5.9,0.5,-1.1,1
Caíque,VIT,Meia,5.05,0.4,-0.95,1
Dudu,VIT,Meia,3.17,-0.3,-0.83,1
Edenílson,VIT,Meia,3.0,0.0,0.0,0
Emmanuel Martínez,VIT,Meia,5.0,0.0,0.0,0
Felipe Cardoso,VIT,Meia,3.0,0.0,0.0,0
Matheuzinho,VIT,Meia,6.31,4.0,0.31,1
Ronald Lopes,VIT,Meia,5.0,0.0,0.0,0
Rúben Ismael,VIT,Meia,4.0,0.0,0.0,0
Zé Breno,VIT,Meia,2.0,0.0,0.0,0
Jair Ventura,VIT,Técnico,7.34,9.26,2.34,1
Camutanga,VIT,Zagueiro,7.42,9.5,2.42,1
Edu,VIT,Zagueiro,4.0,0.0,0.0,0
Neris,VIT,Zagueiro,3.0,0.0,0.0,0
Riccieli,VIT,Zagueiro,5.03,5.0,1.03,1
Zé Marcos,VIT,Zagueiro,5.53,4.1,0.53,1
